Question,Answer,Answer 2,Title of page,URL,Search for question
What are the different Netflix plans?,"Netflix offers three streaming plans: Basic, Standard, and Premium, starting at $9 per month and ending at $16 per month.",...,How much Netflix's streaming plans cost,Basic. The Basic streaming plan costs $8.99 per month and has the most limited features. ...,Standard. ...
How much does Netflix cost a month?,"Netflix provides its consumers with three primary monthly pricing plans, as follows: Basic, $8.99 per month (up from $7.99 in 2018). Netflix's basic plan doesn't provide high definition viewing and its programs can only be watched on one screen at a time. Standard, $12.99 per month (up from $10.99 in 2018).Mar 18, 2020",,How Much Does Netflix Cost and What Are the Subscription Options ...,www.thestreet.com › technology › how-much-is-netflix-14795014,Search for: How much does Netflix cost a month?
How much is Netflix monthly for 2020?,Netflix plans and pricing,Plans Price Simultaneous streams,Basic $8.99/mo.* 1,Standard $12.99/mo.* 2,Premium $15.99/mo.* 4
What is Netflix cheapest plan?,"While the 2019 Netflix price hike raised monthly fees by 13 to 15%, the cheapest plan (Netflix's Basic Plan) is still relatively affordable at $8.99/month. This plan lets customers stream on one device at a time in standard definition (SD) and allows downloads to one phone or tablet.Feb 21, 2020",,Price of Netflix: How Much Does It Cost to Subscribe? - Decider,decider.com › article › price-of-netflix-price-per-month,Search for: What is Netflix cheapest plan?
Is Netflix stock a buy?,Outlook For The Stock In The Current Market Environment,"When all is said and done, Netflix Inc stock turned a corner in 2020. The handle that got tacked on to the 2019 base is really a base in its own right. And the relative strength line is soaring. The S&P 500 fell 35% from its February highs to its March lows.May 1, 2020",,Why Netflix Is A Buy Right Now! - Yahoo Finance,finance.yahoo.com › why-netflix-buy-now-140541024
Why is the Netflix stock going down?,"Netflix stock is down, by about 3%, in midday trading Monday because the streaming wars are heating up. ... “While Netflix should remain the dominant global SVOD provider, its 2019 results so far suggest increasing elasticity and/or a rising cost of customer acquisition,” wrote Hargreaves.Dec 2, 2019",,Netflix Stock Is Down Because Streaming Competition Is Up - Barron's,www.barrons.com › articles › netflix-stock-streaming-co...,Search for: Why is the Netflix stock going down?
What was Netflix original stock price?,"Key Takeaways. Netflix went public on May 23, 2002, with an initial public offering (IPO) price of $15 per share.",,If You Invested Right After Netflix's IPO (NFLX) - Investopedia,www.investopedia.com › articles › active-trading › if-you...,Search for: What was Netflix original stock price?
Is Netflix stock too expensive?,"Netflix stock is still expensive at a price-to-earnings ratio of around 100, meaning any unanticipated slowdown in subscriber growth or profits could send the stock reeling. So far, early data shows Netflix has seen ""little to no impact"" from the Disney+ launch, according to Credit Suisse.Dec 1, 2019",,Better Buy: Netflix vs. Amazon | The Motley Fool,www.fool.com › investing › 2019/12/01 › better-buy-am...,Search for: Is Netflix stock too expensive?
How can I get Netflix free?,0:15,3:44,Suggested clip · 84 seconds,,How to Get Netflix for Free (For a Year!) - YouTube
How much does Netflix cost per month?,"Netflix provides its consumers with three primary monthly pricing plans, as follows: Basic, $8.99 per month (up from $7.99 in 2018). Netflix's basic plan doesn't provide high definition viewing and its programs can only be watched on one screen at a time. Standard, $12.99 per month (up from $10.99 in 2018).Mar 18, 2020",,How Much Does Netflix Cost and What Are the Subscription Options ...,www.thestreet.com › how-much-is-netflix-14795014,Search for: How much does Netflix cost per month?
Is Netflix free now?,"Netflix offers a free month of service* for eligible customers. Sign up for instant access to the entire Netflix catalog of TV shows and movies. ... To start your free month, simply go to Netflix.com, choose a plan and payment option that's best for you, enter your email, set a password, and start watching.",,About Free Trials - Netflix Help Center,help.netflix.com › node,Search for: Is Netflix free now?
Is Netflix free for 30 days?,Free Trial,"Try us free for 30 days!* If you enjoy your Netflix trial, do nothing and your membership will automatically continue for as long as you choose to remain a member. Netflix membership is a month-to-month subscription that begins on the date you sign up.",,What is Netflix? - Netflix Help Center,help.netflix.com › node
